place_id,place_name,city,state,neighborhood_or_area,primary_category,secondary_categories,suggested_prompt_slugs,one_line_description,why_it_matters_for_rankbites,address_hint,official_url,google_maps_query_url,primary_source_name,primary_source_url,source_recency_or_note,verification_status,safe_to_publish_copy,codex_usage_notes
seattle-sunny-hill,Sunny Hill,Seattle,WA,Sunset Hill,pizza,pizza|date_night|family_dinner,pizza|date_night|family_dinner,Sunset Hill pizzeria known for Detroit-style squares and round hearth-baked pies.,Useful seed candidate for pizza rankings and local debate.,3127 NW 85th St,https://www.sunnyhillseattle.com,https://www.google.com/maps/search/?api=1&query=Sunny+Hill+Seattle%2C+WA,eater_pizza,https://seattle.eater.com/maps/best-pizza-places-seattle-restaurants,Curated source or public reference; refresh before production launch.,seed_candidate_verify_with_places_api,yes,"Render as a PlaceCard and detail page seed. Re-resolve address, website, hours, phone, photos, and business_status via Google Places before launch."
seattle-delancey,Delancey,Seattle,WA,Ballard,pizza,pizza|date_night,pizza|date_night,Ballard wood-fired pizzeria with long-fermented dough and a loyal neighborhood following.,Useful seed candidate for pizza rankings and local debate.,1415 NW 70th St,https://delanceyseattle.com,https://www.google.com/maps/search/?api=1&query=Delancey+Seattle%2C+WA,eater_pizza,https://seattle.eater.com/maps/best-pizza-places-seattle-restaurants,Curated source or public reference; refresh before production launch.,seed_candidate_verify_with_places_api,yes,"Render as a PlaceCard and detail page seed. Re-resolve address, website, hours, phone, photos, and business_status via Google Places before launch."
redmond-spark-pizza,Spark Pizza,Redmond,WA,Redmond,pizza,pizza|patio|worth_the_drive,pizza|patio|worth_the_drive,Redmond pizzeria with Neapolitan-style pies plus Detroit and New York-style offerings on select days.,Useful seed candidate for pizza rankings and local debate.,8110 164th Ave NE,https://www.sparkpizzaredmond.com,https://www.google.com/maps/search/?api=1&query=Spark+Pizza+Redmond%2C+WA,eater_pizza,https://seattle.eater.com/maps/best-pizza-places-seattle-restaurants,Curated source or public reference; refresh before production launch.,seed_candidate_verify_with_places_api,yes,"Render as a PlaceCard and detail page seed. Re-resolve address, website, hours, phone, photos, and business_status via Google Places before launch."
seattle-my-friend-derek-s,My Friend Derek’s,Seattle,WA,Green Lake,pizza,pizza|detroit_style|hard_to_get,pizza|detroit_style|hard_to_get,Small Green Lake pizzeria known for popular Detroit-style pies and a minimalist menu.,Useful seed candidate for pizza rankings and local debate.,2108 N 55th St,https://myfrienddereks.com,https://www.google.com/maps/search/?api=1&query=My+Friend+Derek%E2%80%99s+Seattle%2C+WA,eater_pizza,https://seattle.eater.com/maps/best-pizza-places-seattle-restaurants,Curated source or public reference; refresh before production launch.,seed_candidate_verify_with_places_api,yes,"Render as a PlaceCard and detail page seed. Re-resolve address, website, hours, phone, photos, and business_status via Google Places before launch."
seattle-lupo,Lupo,Seattle,WA,Fremont,pizza,pizza|date_night,pizza|date_night,Fremont sourdough pizza spot with a wood-fired oven and polished neighborhood feel.,Useful seed candidate for pizza rankings and local debate.,4303 Fremont Ave N,https://www.lupofremont.com,https://www.google.com/maps/search/?api=1&query=Lupo+Seattle%2C+WA,eater_pizza,https://seattle.eater.com/maps/best-pizza-places-seattle-restaurants,Curated source or public reference; refresh before production launch.,seed_candidate_verify_with_places_api,yes,"Render as a PlaceCard and detail page seed. Re-resolve address, website, hours, phone, photos, and business_status via Google Places before launch."
seattle-tivoli,Tivoli,Seattle,WA,Fremont,pizza,pizza|sandwiches|date_night,pizza|sandwiches|date_night,"Fremont pizzeria from the Post Alley Pizza and Saint Bread orbit, known for seasonal toppings and a wine-bar feel.",Useful seed candidate for pizza rankings and local debate.,730 N 34th St,https://www.tivoliseattle.com,https://www.google.com/maps/search/?api=1&query=Tivoli+Seattle%2C+WA,eater_pizza,https://seattle.eater.com/maps/best-pizza-places-seattle-restaurants,Curated source or public reference; refresh before production launch.,seed_candidate_verify_with_places_api,yes,"Render as a PlaceCard and detail page seed. Re-resolve address, website, hours, phone, photos, and business_status via Google Places before launch."
seattle-cafe-lago,Cafe Lago,Seattle,WA,Montlake,pizza,pizza|italian|date_night,pizza|italian|date_night,"Montlake Italian institution famous for lasagna, with wood-fired pizzas worth ranking separately.",Useful seed candidate for pizza rankings and local debate.,2305 24th Ave E,https://www.cafelago.com,https://www.google.com/maps/search/?api=1&query=Cafe+Lago+Seattle%2C+WA,eater_pizza,https://seattle.eater.com/maps/best-pizza-places-seattle-restaurants,Curated source or public reference; refresh before production launch.,seed_candidate_verify_with_places_api,yes,"Render as a PlaceCard and detail page seed. Re-resolve address, website, hours, phone, photos, and business_status via Google Places before launch."
seattle-the-independent-pizzeria,The Independent Pizzeria,Seattle,WA,Madison Park,pizza,pizza|takeout,pizza|takeout,Madison Park thin-crust pizzeria with limited hours and to-go focused ordering.,Useful seed candidate for pizza rankings and local debate.,4235 E Madison St,https://theindiepizzeria.com,https://www.google.com/maps/search/?api=1&query=The+Independent+Pizzeria+Seattle%2C+WA,eater_pizza,https://seattle.eater.com/maps/best-pizza-places-seattle-restaurants,Curated source or public reference; refresh before production launch.,seed_candidate_verify_with_places_api,yes,"Render as a PlaceCard and detail page seed. Re-resolve address, website, hours, phone, photos, and business_status via Google Places before launch."
seattle-cornelly,Cornelly,Seattle,WA,Capitol Hill,pizza,pizza|pasta|date_night,pizza|pasta|date_night,Capitol Hill naturally leavened pizza specialist with artful toppings and a newer Queen Anne sibling location.,Useful seed candidate for pizza rankings and local debate.,601 Summit Ave E,https://cornellyseattle.com,https://www.google.com/maps/search/?api=1&query=Cornelly+Seattle%2C+WA,eater_pizza,https://seattle.eater.com/maps/best-pizza-places-seattle-restaurants,Curated source or public reference; refresh before production launch.,seed_candidate_verify_with_places_api,yes,"Render as a PlaceCard and detail page seed. Re-resolve address, website, hours, phone, photos, and business_status via Google Places before launch."
seattle-pizza-by-ruffin,Pizza by Ruffin,Seattle,WA,South Lake Union,pizza,pizza|lunch|new_spot,pizza|lunch|new_spot,South Lake Union Roman-style slice counter with African diaspora-inspired toppings.,Useful seed candidate for pizza rankings and local debate.,400 Fairview Ave N #107,https://www.pizzabyruffin.com,https://www.google.com/maps/search/?api=1&query=Pizza+by+Ruffin+Seattle%2C+WA,eater_pizza,https://seattle.eater.com/maps/best-pizza-places-seattle-restaurants,Curated source or public reference; refresh before production launch.,seed_candidate_verify_with_places_api,yes,"Render as a PlaceCard and detail page seed. Re-resolve address, website, hours, phone, photos, and business_status via Google Places before launch."
seattle-dino-s-tomato-pie,Dino’s Tomato Pie,Seattle,WA,Capitol Hill,pizza,pizza|late_night|bars,pizza|late_night|bars,Capitol Hill bar and pizzeria known for square pies and late-night slices.,Useful seed candidate for pizza rankings and local debate.,1524 E Olive Way,https://dinostomatopie.com,https://www.google.com/maps/search/?api=1&query=Dino%E2%80%99s+Tomato+Pie+Seattle%2C+WA,eater_pizza,https://seattle.eater.com/maps/best-pizza-places-seattle-restaurants,Curated source or public reference; refresh before production launch.,seed_candidate_verify_with_places_api,yes,"Render as a PlaceCard and detail page seed. Re-resolve address, website, hours, phone, photos, and business_status via Google Places before launch."
seattle-post-alley-pizza,Post Alley Pizza,Seattle,WA,Downtown / Pike Place,pizza,pizza|lunch|pike_place,pizza|lunch|pike_place,Small Pike Place-adjacent slice shop that has become a strong New York-style pizza contender.,Useful seed candidate for pizza rankings and local debate.,1123 Post Ave,https://www.postalley.pizza,https://www.google.com/maps/search/?api=1&query=Post+Alley+Pizza+Seattle%2C+WA,eater_pizza,https://seattle.eater.com/maps/best-pizza-places-seattle-restaurants,Curated source or public reference; refresh before production launch.,seed_candidate_verify_with_places_api,yes,"Render as a PlaceCard and detail page seed. Re-resolve address, website, hours, phone, photos, and business_status via Google Places before launch."
seattle-slice-box-pizza,Slice Box Pizza,Seattle,WA,SoDo,pizza,pizza|lunch|sodo,pizza|lunch|sodo,"SoDo counter for fast slices and pies, especially useful for lunch rankings.",Useful seed candidate for pizza rankings and local debate.,1727 1st Ave S,https://www.sliceboxpizza.com,https://www.google.com/maps/search/?api=1&query=Slice+Box+Pizza+Seattle%2C+WA,eater_pizza,https://seattle.eater.com/maps/best-pizza-places-seattle-restaurants,Curated source or public reference; refresh before production launch.,seed_candidate_verify_with_places_api,yes,"Render as a PlaceCard and detail page seed. Re-resolve address, website, hours, phone, photos, and business_status via Google Places before launch."
seattle-mioposto-mt-baker,Mioposto Mt. Baker,Seattle,WA,Mt. Baker,pizza,pizza|family_dinner|brunch,pizza|family_dinner|brunch,Wood-fired neighborhood pizzeria group with a Mt. Baker flagship and multiple Seattle-area locations.,Useful seed candidate for pizza rankings and local debate.,3601 S McClellan St,https://miopostopizza.com,https://www.google.com/maps/search/?api=1&query=Mioposto+Mt.+Baker+Seattle%2C+WA,eater_pizza,https://seattle.eater.com/maps/best-pizza-places-seattle-restaurants,Curated source or public reference; refresh before production launch.,seed_candidate_verify_with_places_api,yes,"Render as a PlaceCard and detail page seed. Re-resolve address, website, hours, phone, photos, and business_status via Google Places before launch."
seattle-bar-del-corso,Bar del Corso,Seattle,WA,Beacon Hill,pizza,pizza|italian|date_night,pizza|italian|date_night,Beacon Hill Italian restaurant where pizza can be either the meal or the shared starter.,Useful seed candidate for pizza rankings and local debate.,3057 Beacon Ave S,https://www.bardelcorso.com,https://www.google.com/maps/search/?api=1&query=Bar+del+Corso+Seattle%2C+WA,eater_pizza,https://seattle.eater.com/maps/best-pizza-places-seattle-restaurants,Curated source or public reference; refresh before production launch.,seed_candidate_verify_with_places_api,yes,"Render as a PlaceCard and detail page seed. Re-resolve address, website, hours, phone, photos, and business_status via Google Places before launch."
seattle-moto-pizza,MOTO Pizza,Seattle,WA,West Seattle / multiple,pizza,pizza|detroit_style|takeout,pizza|detroit_style|takeout,Fast-growing Seattle-born Detroit-style pizza brand with Filipino-influenced flavor combinations.,Useful seed candidate for pizza rankings and local debate.,4526 42nd Ave SW,https://motoseattle.com,https://www.google.com/maps/search/?api=1&query=MOTO+Pizza+Seattle%2C+WA,eater_pizza,https://seattle.eater.com/maps/best-pizza-places-seattle-restaurants,Curated source or public reference; refresh before production launch.,seed_candidate_verify_with_places_api,yes,"Render as a PlaceCard and detail page seed. Re-resolve address, website, hours, phone, photos, and business_status via Google Places before launch."
seattle-pizzeria-pulcinella,Pizzeria Pulcinella,Seattle,WA,Rainier Beach,pizza,pizza|family_dinner,pizza|family_dinner,Rainier Beach Neapolitan pizzeria known for a classic wood-fired approach.,Useful seed candidate for pizza rankings and local debate.,10003 Rainier Ave S,https://vincesrestaurants.com,https://www.google.com/maps/search/?api=1&query=Pizzeria+Pulcinella+Seattle%2C+WA,eater_pizza,https://seattle.eater.com/maps/best-pizza-places-seattle-restaurants,Curated source or public reference; refresh before production launch.,seed_candidate_verify_with_places_api,yes,"Render as a PlaceCard and detail page seed. Re-resolve address, website, hours, phone, photos, and business_status via Google Places before launch."
burien-stevie-s-famous,Stevie’s Famous,Burien,WA,Burien / Beacon Hill,pizza,pizza|takeout,pizza|takeout,Casual New York-style pizza brand from the Lupo team with locations beyond Burien.,Useful seed candidate for pizza rankings and local debate.,822 SW 152nd St,https://www.steviesfamous.com,https://www.google.com/maps/search/?api=1&query=Stevie%E2%80%99s+Famous+Burien%2C+WA,eater_pizza,https://seattle.eater.com/maps/best-pizza-places-seattle-restaurants,Curated source or public reference; refresh before production launch.,seed_candidate_verify_with_places_api,yes,"Render as a PlaceCard and detail page seed. Re-resolve address, website, hours, phone, photos, and business_status via Google Places before launch."
seattle-windy-city-pie,Windy City Pie,Seattle,WA,Phinney / Seattle,pizza,pizza|deep_dish,pizza|deep_dish,Seattle sourdough deep-dish specialist mentioned in Eater’s 2026 restaurant update.,Useful seed candidate for pizza rankings and local debate.,,https://www.windycitypie.com,https://www.google.com/maps/search/?api=1&query=Windy+City+Pie+Seattle%2C+WA,eater_38,https://seattle.eater.com/maps/best-restaurants-seattle-38,Curated source or public reference; refresh before production launch.,seed_candidate_verify_with_places_api,yes,"Render as a PlaceCard and detail page seed. Re-resolve address, website, hours, phone, photos, and business_status via Google Places before launch."
seattle-sacro-bosco,Sacro Bosco,Seattle,WA,Seattle,pizza,pizza|roman_style,pizza|roman_style,Recent Roman-style pizza addition that belongs in a refreshed pizza candidate pool.,Useful seed candidate for pizza rankings and local debate.,,,https://www.google.com/maps/search/?api=1&query=Sacro+Bosco+Seattle%2C+WA,eater_pizza,https://seattle.eater.com/maps/best-pizza-places-seattle-restaurants,Curated source or public reference; refresh before production launch.,seed_candidate_verify_with_places_api,yes,"Render as a PlaceCard and detail page seed. Re-resolve address, website, hours, phone, photos, and business_status via Google Places before launch."
seattle-wood-shop-bbq,Wood Shop BBQ,Seattle,WA,Central District,bbq,bbq|brisket|ribs,bbq|brisket|ribs,"Central District barbecue spot known for brisket, ribs, and smoked sides.",Useful seed candidate for bbq rankings and local debate.,2513 S Jackson St,https://thewoodshopbbq.com,https://www.google.com/maps/search/?api=1&query=Wood+Shop+BBQ+Seattle%2C+WA,wiki_wood_shop,https://en.wikipedia.org/wiki/Wood_Shop_BBQ,Curated source or public reference; refresh before production launch.,seed_candidate_verify_with_places_api,yes,"Render as a PlaceCard and detail page seed. Re-resolve address, website, hours, phone, photos, and business_status via Google Places before launch."
seattle-lil-red-s-takeout-and-catering,Lil Red’s Takeout and Catering,Seattle,WA,Rainier Valley / Columbia City,bbq,bbq|jamaican|soul_food,bbq|jamaican|soul_food,Rainier Valley Jamaican BBQ and soul food destination with national recognition.,Useful seed candidate for bbq rankings and local debate.,4225 Rainier Ave S,,https://www.google.com/maps/search/?api=1&query=Lil+Red%E2%80%99s+Takeout+and+Catering+Seattle%2C+WA,wiki_lil_red,https://en.wikipedia.org/wiki/Lil_Red_Takeout_and_Catering,Curated source or public reference; refresh before production launch.,seed_candidate_verify_with_places_api,yes,"Render as a PlaceCard and detail page seed. Re-resolve address, website, hours, phone, photos, and business_status via Google Places before launch."
seattle-jack-s-bbq,Jack’s BBQ,Seattle,WA,SoDo / multiple,bbq,bbq|brisket|texas_style,bbq|brisket|texas_style,Texas-style barbecue brand with Seattle-area locations; good for brisket rankings.,Useful seed candidate for bbq rankings and local debate.,,https://jacksbbq.com,https://www.google.com/maps/search/?api=1&query=Jack%E2%80%99s+BBQ+Seattle%2C+WA,eater_guide,https://seattle.eater.com/22568974/seattle-city-guide-where-to-eat-best-restaurants,Curated source or public reference; refresh before production launch.,seed_candidate_verify_with_places_api,yes,"Render as a PlaceCard and detail page seed. Re-resolve address, website, hours, phone, photos, and business_status via Google Places before launch."
seattle-briley-s-bbq-and-grill,Briley’s BBQ and Grill,Seattle,WA,Lake City,bbq,bbq|ribs|north_seattle,bbq|ribs|north_seattle,North Seattle BBQ candidate for smoked meat and neighborhood favorite lists.,Useful seed candidate for bbq rankings and local debate.,,https://brileysbbq.com,https://www.google.com/maps/search/?api=1&query=Briley%E2%80%99s+BBQ+and+Grill+Seattle%2C+WA,eater_guide,https://seattle.eater.com/22568974/seattle-city-guide-where-to-eat-best-restaurants,Curated source or public reference; refresh before production launch.,seed_candidate_verify_with_places_api,yes,"Render as a PlaceCard and detail page seed. Re-resolve address, website, hours, phone, photos, and business_status via Google Places before launch."
seattle-pecos-pit-bar-b-que,Pecos Pit Bar-B-Que,Seattle,WA,SoDo / multiple,bbq,bbq|sandwiches|classic,bbq|sandwiches|classic,Longtime Seattle barbecue sandwich name; useful as a legacy-vs-new-school debate candidate.,Useful seed candidate for bbq rankings and local debate.,,https://pecospit.com,https://www.google.com/maps/search/?api=1&query=Pecos+Pit+Bar-B-Que+Seattle%2C+WA,eater_guide,https://seattle.eater.com/22568974/seattle-city-guide-where-to-eat-best-restaurants,Curated source or public reference; refresh before production launch.,seed_candidate_verify_with_places_api,yes,"Render as a PlaceCard and detail page seed. Re-resolve address, website, hours, phone, photos, and business_status via Google Places before launch."
seattle-outsider-bbq,Outsider BBQ,Seattle,WA,Seattle area,bbq,bbq|food_truck|pop_up,bbq|food_truck|pop_up,BBQ candidate to verify for current service model and location before public use.,Useful seed candidate for bbq rankings and local debate.,,,https://www.google.com/maps/search/?api=1&query=Outsider+BBQ+Seattle%2C+WA,eater_guide,https://seattle.eater.com/22568974/seattle-city-guide-where-to-eat-best-restaurants,Curated source or public reference; refresh before production launch.,needs_manual_verification,yes,"Render as a PlaceCard and detail page seed. Re-resolve address, website, hours, phone, photos, and business_status via Google Places before launch."
seattle-lady-jaye,Lady Jaye,Seattle,WA,West Seattle,bbq,bbq|sandwiches|west_seattle,bbq|sandwiches|west_seattle,West Seattle meat-focused restaurant that has pivoted formats; keep as review-needed before BBQ launch.,Useful seed candidate for bbq rankings and local debate.,,https://www.ladyjaye.com,https://www.google.com/maps/search/?api=1&query=Lady+Jaye+Seattle%2C+WA,eater_guide,https://seattle.eater.com/22568974/seattle-city-guide-where-to-eat-best-restaurants,Curated source or public reference; refresh before production launch.,review_for_current_concept,yes,"Render as a PlaceCard and detail page seed. Re-resolve address, website, hours, phone, photos, and business_status via Google Places before launch."
seattle-roro-bbq,RoRo BBQ,Seattle,WA,Fremont / Seattle,bbq,bbq|sandwiches,bbq|sandwiches,BBQ candidate historically associated with Fremont/Ballard-area smoked meat lists; verify active status.,Useful seed candidate for bbq rankings and local debate.,,,https://www.google.com/maps/search/?api=1&query=RoRo+BBQ+Seattle%2C+WA,eater_guide,https://seattle.eater.com/22568974/seattle-city-guide-where-to-eat-best-restaurants,Curated source or public reference; refresh before production launch.,needs_manual_verification,yes,"Render as a PlaceCard and detail page seed. Re-resolve address, website, hours, phone, photos, and business_status via Google Places before launch."
seattle-jackalope-tex-mex-and-cantina,Jackalope Tex-Mex and Cantina,Seattle,WA,Columbia City,bbq,bbq|tex_mex|tacos,bbq|tex_mex|tacos,Columbia City Tex-Mex spot from barbecue operators with smoked-meat-driven dishes.,Useful seed candidate for bbq rankings and local debate.,4868 Rainier Ave S,https://jackalopetexmex.com,https://www.google.com/maps/search/?api=1&query=Jackalope+Tex-Mex+and+Cantina+Seattle%2C+WA,eater_guide,https://seattle.eater.com/22568974/seattle-city-guide-where-to-eat-best-restaurants,Curated source or public reference; refresh before production launch.,seed_candidate_verify_with_places_api,yes,"Render as a PlaceCard and detail page seed. Re-resolve address, website, hours, phone, photos, and business_status via Google Places before launch."
seattle-beast-and-cleaver,Beast and Cleaver,Seattle,WA,Ballard,meat,butcher|bbq_adjacent|date_night,butcher|bbq_adjacent|date_night,Ballard butcher shop and restaurant; useful for meat-lover and steakhouse-adjacent lists.,Useful seed candidate for meat rankings and local debate.,2362 NW 80th St,https://beastandcleaver.com,https://www.google.com/maps/search/?api=1&query=Beast+and+Cleaver+Seattle%2C+WA,eater_38,https://seattle.eater.com/maps/best-restaurants-seattle-38,Curated source or public reference; refresh before production launch.,seed_candidate_verify_with_places_api,yes,"Render as a PlaceCard and detail page seed. Re-resolve address, website, hours, phone, photos, and business_status via Google Places before launch."
seattle-lupe-s-situ-tacos,Lupe’s Situ Tacos,Seattle,WA,Ballard,tacos,tacos|brunch|ballard,tacos|brunch|ballard,"Ballard taco shop from Lupe Flores, highlighted as a standout new local hangout.",Useful seed candidate for tacos rankings and local debate.,,,https://www.google.com/maps/search/?api=1&query=Lupe%E2%80%99s+Situ+Tacos+Seattle%2C+WA,eater_situ_tacos,https://seattle.eater.com/dining-report/89397/versatile-lupes-situ-tacos-is-the-chillest-restaurant-on-ballard-avenue,Curated source or public reference; refresh before production launch.,seed_candidate_verify_with_places_api,yes,"Render as a PlaceCard and detail page seed. Re-resolve address, website, hours, phone, photos, and business_status via Google Places before launch."
seattle-carmelo-s-tacos,Carmelo’s Tacos,Seattle,WA,Capitol Hill / multiple,tacos,tacos|quick_bite|capitol_hill,tacos|quick_bite|capitol_hill,Mexico City-style street taco favorite with multiple Seattle locations.,Useful seed candidate for tacos rankings and local debate.,,https://www.carmelostacos.com,https://www.google.com/maps/search/?api=1&query=Carmelo%E2%80%99s+Tacos+Seattle%2C+WA,wiki_carmelos,https://en.wikipedia.org/wiki/Carmelo%27s_Tacos,Curated source or public reference; refresh before production launch.,seed_candidate_verify_with_places_api,yes,"Render as a PlaceCard and detail page seed. Re-resolve address, website, hours, phone, photos, and business_status via Google Places before launch."
seattle-el-moose,El Moose,Seattle,WA,Ballard,tacos,tacos|brunch|mexican,tacos|brunch|mexican,Ballard Mexican restaurant known for brunch plates and a strong chilaquiles reputation.,Useful seed candidate for tacos rankings and local debate.,5242 Leary Ave NW,https://elmoose.com,https://www.google.com/maps/search/?api=1&query=El+Moose+Seattle%2C+WA,eater_brunch,https://seattle.eater.com/maps/best-seattle-brunch-restaurants,Curated source or public reference; refresh before production launch.,seed_candidate_verify_with_places_api,yes,"Render as a PlaceCard and detail page seed. Re-resolve address, website, hours, phone, photos, and business_status via Google Places before launch."
seattle-el-mezcalito,El Mezcalito,Seattle,WA,Queen Anne,tacos,tacos|al_pastor,tacos|al_pastor,Queen Anne taco candidate noted in a public al pastor ranking.,Useful seed candidate for tacos rankings and local debate.,,,https://www.google.com/maps/search/?api=1&query=El+Mezcalito+Seattle%2C+WA,axios_tacos,https://www.axios.com/local/seattle/2025/09/05/seattle-best-tacos-al-pastor-reddit-review,Curated source or public reference; refresh before production launch.,seed_candidate_verify_with_places_api,yes,"Render as a PlaceCard and detail page seed. Re-resolve address, website, hours, phone, photos, and business_status via Google Places before launch."
seattle-tacos-la-cuadra,Tacos La Cuadra,Seattle,WA,Ballard / Kent,tacos,tacos|late_night,tacos|late_night,Former guerilla taco stand now operating with locations including Ballard/Kent; verify latest hours.,Useful seed candidate for tacos rankings and local debate.,,,https://www.google.com/maps/search/?api=1&query=Tacos+La+Cuadra+Seattle%2C+WA,eater_guide,https://seattle.eater.com/22568974/seattle-city-guide-where-to-eat-best-restaurants,Curated source or public reference; refresh before production launch.,needs_manual_verification,yes,"Render as a PlaceCard and detail page seed. Re-resolve address, website, hours, phone, photos, and business_status via Google Places before launch."
silverdale-taqueria-el-huarache,Taqueria El Huarache,Silverdale,WA,Silverdale,tacos,tacos|worth_the_drive,tacos|worth_the_drive,Silverdale taco candidate noted for overall experience/value in a public al pastor ranking.,Useful seed candidate for tacos rankings and local debate.,,,https://www.google.com/maps/search/?api=1&query=Taqueria+El+Huarache+Silverdale%2C+WA,axios_tacos,https://www.axios.com/local/seattle/2025/09/05/seattle-best-tacos-al-pastor-reddit-review,Curated source or public reference; refresh before production launch.,seed_candidate_verify_with_places_api,yes,"Render as a PlaceCard and detail page seed. Re-resolve address, website, hours, phone, photos, and business_status via Google Places before launch."
seattle-gracia,Gracia,Seattle,WA,Ballard,tacos,tacos|date_night|mexican,tacos|date_night|mexican,Ballard Mexican restaurant with fresh masa and polished dinner energy.,Useful seed candidate for tacos rankings and local debate.,,https://graciaseattle.com,https://www.google.com/maps/search/?api=1&query=Gracia+Seattle%2C+WA,eater_guide,https://seattle.eater.com/22568974/seattle-city-guide-where-to-eat-best-restaurants,Curated source or public reference; refresh before production launch.,seed_candidate_verify_with_places_api,yes,"Render as a PlaceCard and detail page seed. Re-resolve address, website, hours, phone, photos, and business_status via Google Places before launch."
seattle-d-la-santa,D’ La Santa,Seattle,WA,Capitol Hill,mexican,mexican|date_night|steakhouse,mexican|date_night|steakhouse,Capitol Hill Mexican steakhouse candidate for date-night and upscale Mexican lists.,Useful seed candidate for mexican rankings and local debate.,2359 10th Ave E,https://dlasanta.com,https://www.google.com/maps/search/?api=1&query=D%E2%80%99+La+Santa+Seattle%2C+WA,eater_guide,https://seattle.eater.com/22568974/seattle-city-guide-where-to-eat-best-restaurants,Curated source or public reference; refresh before production launch.,seed_candidate_verify_with_places_api,yes,"Render as a PlaceCard and detail page seed. Re-resolve address, website, hours, phone, photos, and business_status via Google Places before launch."
seattle-el-chupacabra,El Chupacabra,Seattle,WA,Greenwood / Alki,mexican,tacos|bars|alki,tacos|bars|alki,Day of the Dead-themed Mexican/Tex-Mex restaurant with Greenwood and Alki locations.,Useful seed candidate for mexican rankings and local debate.,,https://elchupacabraseattle.com,https://www.google.com/maps/search/?api=1&query=El+Chupacabra+Seattle%2C+WA,eater_guide,https://seattle.eater.com/22568974/seattle-city-guide-where-to-eat-best-restaurants,Curated source or public reference; refresh before production launch.,seed_candidate_verify_with_places_api,yes,"Render as a PlaceCard and detail page seed. Re-resolve address, website, hours, phone, photos, and business_status via Google Places before launch."
seattle-la-carta-de-oaxaca,La Carta de Oaxaca,Seattle,WA,Ballard,mexican,mexican|tacos|ballard,mexican|tacos|ballard,Ballard Oaxacan standby; good candidate for regional Mexican and mole-related prompts.,Useful seed candidate for mexican rankings and local debate.,,,https://www.google.com/maps/search/?api=1&query=La+Carta+de+Oaxaca+Seattle%2C+WA,eater_guide,https://seattle.eater.com/22568974/seattle-city-guide-where-to-eat-best-restaurants,Curated source or public reference; refresh before production launch.,seed_candidate_verify_with_places_api,yes,"Render as a PlaceCard and detail page seed. Re-resolve address, website, hours, phone, photos, and business_status via Google Places before launch."
seattle-fonda-la-catrina,Fonda La Catrina,Seattle,WA,Georgetown,mexican,mexican|tacos|georgetown,mexican|tacos|georgetown,Georgetown Mexican favorite often used for neighborhood restaurant lists.,Useful seed candidate for mexican rankings and local debate.,,https://www.fondalacatrina.com,https://www.google.com/maps/search/?api=1&query=Fonda+La+Catrina+Seattle%2C+WA,eater_guide,https://seattle.eater.com/22568974/seattle-city-guide-where-to-eat-best-restaurants,Curated source or public reference; refresh before production launch.,seed_candidate_verify_with_places_api,yes,"Render as a PlaceCard and detail page seed. Re-resolve address, website, hours, phone, photos, and business_status via Google Places before launch."
seattle-toshi-s-teriyaki-grill,Toshi’s Teriyaki Grill,Seattle,WA,Seattle area,teriyaki,teriyaki|classic,teriyaki|classic,Canonical Seattle-area teriyaki name tied to the history of the local style; verify exact branch/location.,Useful seed candidate for teriyaki rankings and local debate.,,,https://www.google.com/maps/search/?api=1&query=Toshi%E2%80%99s+Teriyaki+Grill+Seattle%2C+WA,eater_guide,https://seattle.eater.com/22568974/seattle-city-guide-where-to-eat-best-restaurants,Curated source or public reference; refresh before production launch.,needs_places_api_verification,yes,"Render as a PlaceCard and detail page seed. Re-resolve address, website, hours, phone, photos, and business_status via Google Places before launch."
seattle-grillbird,Grillbird,Seattle,WA,West Seattle,teriyaki,teriyaki|west_seattle,teriyaki|west_seattle,West Seattle teriyaki candidate popular for a modernized take and easy takeout appeal.,Useful seed candidate for teriyaki rankings and local debate.,,https://www.grillbird.com,https://www.google.com/maps/search/?api=1&query=Grillbird+Seattle%2C+WA,eater_guide,https://seattle.eater.com/22568974/seattle-city-guide-where-to-eat-best-restaurants,Curated source or public reference; refresh before production launch.,seed_candidate_verify_with_places_api,yes,"Render as a PlaceCard and detail page seed. Re-resolve address, website, hours, phone, photos, and business_status via Google Places before launch."
seattle-toshio-s-teriyaki,Toshio’s Teriyaki,Seattle,WA,Central District,teriyaki,teriyaki|classic|central_district,teriyaki|classic|central_district,Longtime Central District teriyaki candidate for classic chicken teriyaki lists.,Useful seed candidate for teriyaki rankings and local debate.,,,https://www.google.com/maps/search/?api=1&query=Toshio%E2%80%99s+Teriyaki+Seattle%2C+WA,eater_guide,https://seattle.eater.com/22568974/seattle-city-guide-where-to-eat-best-restaurants,Curated source or public reference; refresh before production launch.,seed_candidate_verify_with_places_api,yes,"Render as a PlaceCard and detail page seed. Re-resolve address, website, hours, phone, photos, and business_status via Google Places before launch."
seattle-yasuko-s-teriyaki,Yasuko’s Teriyaki,Seattle,WA,Seattle,teriyaki,teriyaki|classic,teriyaki|classic,Older-school teriyaki counter candidate; verify hours and location status before launch.,Useful seed candidate for teriyaki rankings and local debate.,,,https://www.google.com/maps/search/?api=1&query=Yasuko%E2%80%99s+Teriyaki+Seattle%2C+WA,eater_guide,https://seattle.eater.com/22568974/seattle-city-guide-where-to-eat-best-restaurants,Curated source or public reference; refresh before production launch.,needs_places_api_verification,yes,"Render as a PlaceCard and detail page seed. Re-resolve address, website, hours, phone, photos, and business_status via Google Places before launch."
seattle-nasai-teriyaki,Nasai Teriyaki,Seattle,WA,University District,teriyaki,teriyaki|udistrict,teriyaki|udistrict,University District teriyaki candidate useful for student/cheap-eats rankings.,Useful seed candidate for teriyaki rankings and local debate.,,,https://www.google.com/maps/search/?api=1&query=Nasai+Teriyaki+Seattle%2C+WA,eater_guide,https://seattle.eater.com/22568974/seattle-city-guide-where-to-eat-best-restaurants,Curated source or public reference; refresh before production launch.,seed_candidate_verify_with_places_api,yes,"Render as a PlaceCard and detail page seed. Re-resolve address, website, hours, phone, photos, and business_status via Google Places before launch."
seattle-okinawa-teriyaki,Okinawa Teriyaki,Seattle,WA,Seattle,teriyaki,teriyaki|takeout,teriyaki|takeout,Teriyaki takeout candidate; verify specific location and business status before production.,Useful seed candidate for teriyaki rankings and local debate.,,,https://www.google.com/maps/search/?api=1&query=Okinawa+Teriyaki+Seattle%2C+WA,eater_guide,https://seattle.eater.com/22568974/seattle-city-guide-where-to-eat-best-restaurants,Curated source or public reference; refresh before production launch.,needs_places_api_verification,yes,"Render as a PlaceCard and detail page seed. Re-resolve address, website, hours, phone, photos, and business_status via Google Places before launch."
seattle-mikou-teriyaki,Mikou Teriyaki,Seattle,WA,Seattle,teriyaki,teriyaki|takeout,teriyaki|takeout,Neighborhood teriyaki candidate; keep as a suggested entry until verified.,Useful seed candidate for teriyaki rankings and local debate.,,,https://www.google.com/maps/search/?api=1&query=Mikou+Teriyaki+Seattle%2C+WA,eater_guide,https://seattle.eater.com/22568974/seattle-city-guide-where-to-eat-best-restaurants,Curated source or public reference; refresh before production launch.,needs_places_api_verification,yes,"Render as a PlaceCard and detail page seed. Re-resolve address, website, hours, phone, photos, and business_status via Google Places before launch."
seattle-midori-teriyaki,Midori Teriyaki,Seattle,WA,Seattle,teriyaki,teriyaki|takeout,teriyaki|takeout,Teriyaki candidate for broad Seattle-style teriyaki prompts; verify active listing.,Useful seed candidate for teriyaki rankings and local debate.,,,https://www.google.com/maps/search/?api=1&query=Midori+Teriyaki+Seattle%2C+WA,eater_guide,https://seattle.eater.com/22568974/seattle-city-guide-where-to-eat-best-restaurants,Curated source or public reference; refresh before production launch.,needs_places_api_verification,yes,"Render as a PlaceCard and detail page seed. Re-resolve address, website, hours, phone, photos, and business_status via Google Places before launch."
seattle-teriyaki-1st,Teriyaki 1st,Seattle,WA,Seattle area,teriyaki,teriyaki|takeout,teriyaki|takeout,Classic teriyaki name pattern; verify location and avoid duplicate chains.,Useful seed candidate for teriyaki rankings and local debate.,,,https://www.google.com/maps/search/?api=1&query=Teriyaki+1st+Seattle%2C+WA,eater_guide,https://seattle.eater.com/22568974/seattle-city-guide-where-to-eat-best-restaurants,Curated source or public reference; refresh before production launch.,needs_places_api_verification,yes,"Render as a PlaceCard and detail page seed. Re-resolve address, website, hours, phone, photos, and business_status via Google Places before launch."
seattle-i-love-teriyaki,I Love Teriyaki,Seattle,WA,Seattle area,teriyaki,teriyaki|takeout,teriyaki|takeout,Candidate for user-generated teriyaki rankings; verify exact branch and current rating data.,Useful seed candidate for teriyaki rankings and local debate.,,,https://www.google.com/maps/search/?api=1&query=I+Love+Teriyaki+Seattle%2C+WA,eater_guide,https://seattle.eater.com/22568974/seattle-city-guide-where-to-eat-best-restaurants,Curated source or public reference; refresh before production launch.,needs_places_api_verification,yes,"Render as a PlaceCard and detail page seed. Re-resolve address, website, hours, phone, photos, and business_status via Google Places before launch."
seattle-the-boat,The Boat,Seattle,WA,Little Saigon,vietnamese,pho|vietnamese|brunch,pho|vietnamese|brunch,"Little Saigon restaurant from the Pho Bac family, centered on chicken rice/noodles and Vietnamese waffles.",Useful seed candidate for vietnamese rankings and local debate.,1314 S Jackson St,https://thephobac.com,https://www.google.com/maps/search/?api=1&query=The+Boat+Seattle%2C+WA,eater_brunch,https://seattle.eater.com/maps/best-seattle-brunch-restaurants,Curated source or public reference; refresh before production launch.,seed_candidate_verify_with_places_api,yes,"Render as a PlaceCard and detail page seed. Re-resolve address, website, hours, phone, photos, and business_status via Google Places before launch."
seattle-pho-bac-sup-shop,Pho Bac Sup Shop,Seattle,WA,Little Saigon,pho,pho|vietnamese|little_saigon,pho|vietnamese|little_saigon,"Landmark Pho Bac family restaurant useful for pho, soup, and Little Saigon lists.",Useful seed candidate for pho rankings and local debate.,,https://thephobac.com,https://www.google.com/maps/search/?api=1&query=Pho+Bac+Sup+Shop+Seattle%2C+WA,eater_cid,https://seattle.eater.com/maps/best-restaurants-chinatown-international-district-seattle,Curated source or public reference; refresh before production launch.,seed_candidate_verify_with_places_api,yes,"Render as a PlaceCard and detail page seed. Re-resolve address, website, hours, phone, photos, and business_status via Google Places before launch."
seattle-ba-bar,Ba Bar,Seattle,WA,Capitol Hill / South Lake Union,vietnamese,pho|vietnamese|late_night,pho|vietnamese|late_night,"Vietnamese restaurant/bar with pho, cocktails, and late-night appeal.",Useful seed candidate for vietnamese rankings and local debate.,,https://babarseattle.com,https://www.google.com/maps/search/?api=1&query=Ba+Bar+Seattle%2C+WA,eater_guide,https://seattle.eater.com/22568974/seattle-city-guide-where-to-eat-best-restaurants,Curated source or public reference; refresh before production launch.,seed_candidate_verify_with_places_api,yes,"Render as a PlaceCard and detail page seed. Re-resolve address, website, hours, phone, photos, and business_status via Google Places before launch."
seattle-billiard-hoang,Billiard Hoang,Seattle,WA,Columbia City / Seattle,vietnamese,vietnamese|pho|cid,vietnamese|pho|cid,Old-school Vietnamese favorite highlighted in recent Eater 38 rotation.,Useful seed candidate for vietnamese rankings and local debate.,,,https://www.google.com/maps/search/?api=1&query=Billiard+Hoang+Seattle%2C+WA,eater_38,https://seattle.eater.com/maps/best-restaurants-seattle-38,Curated source or public reference; refresh before production launch.,seed_candidate_verify_with_places_api,yes,"Render as a PlaceCard and detail page seed. Re-resolve address, website, hours, phone, photos, and business_status via Google Places before launch."
seattle-phin,Phin,Seattle,WA,CID,coffee,coffee|vietnamese|cid,coffee|vietnamese|cid,Vietnamese coffee shop added to Eater’s Chinatown-International District guide.,Useful seed candidate for coffee rankings and local debate.,,,https://www.google.com/maps/search/?api=1&query=Phin+Seattle%2C+WA,eater_cid,https://seattle.eater.com/maps/best-restaurants-chinatown-international-district-seattle,Curated source or public reference; refresh before production launch.,seed_candidate_verify_with_places_api,yes,"Render as a PlaceCard and detail page seed. Re-resolve address, website, hours, phone, photos, and business_status via Google Places before launch."
seattle-voi-c-ph,Voi Cà Phê,Seattle,WA,Georgetown,coffee,coffee|vietnamese|banh_mi,coffee|vietnamese|banh_mi,Georgetown Vietnamese coffee counter with phin drinks and banh mi adjacency.,Useful seed candidate for coffee rankings and local debate.,6105 13th Ave S,https://www.voicaphe.com,https://www.google.com/maps/search/?api=1&query=Voi+C%C3%A0+Ph%C3%AA+Seattle%2C+WA,eater_coffee,https://seattle.eater.com/maps/seattles-best-coffee-shops,Curated source or public reference; refresh before production launch.,seed_candidate_verify_with_places_api,yes,"Render as a PlaceCard and detail page seed. Re-resolve address, website, hours, phone, photos, and business_status via Google Places before launch."
seattle-aroom-coffee,Aroom Coffee,Seattle,WA,Fremont / Waterfront,coffee,coffee|vietnamese,coffee|vietnamese,Stylish Vietnamese coffee cafe known for phin-based drinks and salted cream-style flavors.,Useful seed candidate for coffee rankings and local debate.,3801 Stone Way N,https://www.aroomcoffee.com,https://www.google.com/maps/search/?api=1&query=Aroom+Coffee+Seattle%2C+WA,eater_coffee,https://seattle.eater.com/maps/seattles-best-coffee-shops,Curated source or public reference; refresh before production launch.,seed_candidate_verify_with_places_api,yes,"Render as a PlaceCard and detail page seed. Re-resolve address, website, hours, phone, photos, and business_status via Google Places before launch."
seattle-pho-99-authentic-vietnamese,Pho 99 Authentic Vietnamese,Seattle,WA,Seattle area,pho,pho|vietnamese,pho|vietnamese,Pho candidate to verify via Places API before publishing.,Useful seed candidate for pho rankings and local debate.,,,https://www.google.com/maps/search/?api=1&query=Pho+99+Authentic+Vietnamese+Seattle%2C+WA,eater_guide,https://seattle.eater.com/22568974/seattle-city-guide-where-to-eat-best-restaurants,Curated source or public reference; refresh before production launch.,needs_places_api_verification,yes,"Render as a PlaceCard and detail page seed. Re-resolve address, website, hours, phone, photos, and business_status via Google Places before launch."
seattle-pho-viet-anh,Pho Viet Anh,Seattle,WA,Seattle,pho,pho|vietnamese,pho|vietnamese,Pho candidate for broad Vietnamese soup prompts; verify status and details.,Useful seed candidate for pho rankings and local debate.,,,https://www.google.com/maps/search/?api=1&query=Pho+Viet+Anh+Seattle%2C+WA,eater_guide,https://seattle.eater.com/22568974/seattle-city-guide-where-to-eat-best-restaurants,Curated source or public reference; refresh before production launch.,needs_places_api_verification,yes,"Render as a PlaceCard and detail page seed. Re-resolve address, website, hours, phone, photos, and business_status via Google Places before launch."
seattle-lotus-pond-vietnamese-cuisine,Lotus Pond Vietnamese Cuisine,Seattle,WA,Seattle,vietnamese,pho|vietnamese,pho|vietnamese,Vietnamese restaurant candidate; verify current concept and status.,Useful seed candidate for vietnamese rankings and local debate.,,,https://www.google.com/maps/search/?api=1&query=Lotus+Pond+Vietnamese+Cuisine+Seattle%2C+WA,eater_guide,https://seattle.eater.com/22568974/seattle-city-guide-where-to-eat-best-restaurants,Curated source or public reference; refresh before production launch.,needs_places_api_verification,yes,"Render as a PlaceCard and detail page seed. Re-resolve address, website, hours, phone, photos, and business_status via Google Places before launch."
seattle-fam-house,Fam House,Seattle,WA,North Seattle,burgers,burgers|korean_fusion|north_seattle,burgers|korean_fusion|north_seattle,North Seattle Korean fusion spot with a standout kalbi burger.,Useful seed candidate for burgers rankings and local debate.,13754 Aurora Ave N Ste C,,https://www.google.com/maps/search/?api=1&query=Fam+House+Seattle%2C+WA,eater_burgers,https://seattle.eater.com/maps/best-burgers-seattle,Curated source or public reference; refresh before production launch.,seed_candidate_verify_with_places_api,yes,"Render as a PlaceCard and detail page seed. Re-resolve address, website, hours, phone, photos, and business_status via Google Places before launch."
seattle-flintcreek-cattle-co,FlintCreek Cattle Co,Seattle,WA,Greenwood,burgers,burgers|happy_hour|steakhouse,burgers|happy_hour|steakhouse,Greenwood steakhouse with a notable happy-hour burger.,Useful seed candidate for burgers rankings and local debate.,8421 Greenwood Ave N,https://flintcreekseattle.com,https://www.google.com/maps/search/?api=1&query=FlintCreek+Cattle+Co+Seattle%2C+WA,eater_burgers,https://seattle.eater.com/maps/best-burgers-seattle,Curated source or public reference; refresh before production launch.,seed_candidate_verify_with_places_api,yes,"Render as a PlaceCard and detail page seed. Re-resolve address, website, hours, phone, photos, and business_status via Google Places before launch."
seattle-rain-city-burgers,Rain City Burgers,Seattle,WA,Roosevelt,burgers,burgers|sports|roosevelt,burgers|sports|roosevelt,Roosevelt burger spot with Seattle sports-themed burgers.,Useful seed candidate for burgers rankings and local debate.,,,https://www.google.com/maps/search/?api=1&query=Rain+City+Burgers+Seattle%2C+WA,eater_burgers,https://seattle.eater.com/maps/best-burgers-seattle,Curated source or public reference; refresh before production launch.,seed_candidate_verify_with_places_api,yes,"Render as a PlaceCard and detail page seed. Re-resolve address, website, hours, phone, photos, and business_status via Google Places before launch."
seattle-pick-quick-drive-in,Pick-Quick Drive In,Seattle,WA,SoDo / Fife / Auburn,burgers,burgers|classic|drive_in,burgers|classic|drive_in,Classic drive-in burger name for Seattle-area old-school burger prompts.,Useful seed candidate for burgers rankings and local debate.,,https://pick-quick.com,https://www.google.com/maps/search/?api=1&query=Pick-Quick+Drive+In+Seattle%2C+WA,eater_burgers,https://seattle.eater.com/maps/best-burgers-seattle,Curated source or public reference; refresh before production launch.,seed_candidate_verify_with_places_api,yes,"Render as a PlaceCard and detail page seed. Re-resolve address, website, hours, phone, photos, and business_status via Google Places before launch."
seattle-familyfriend,Familyfriend,Seattle,WA,Beacon Hill,burgers,burgers|guamanian|new_spot,burgers|guamanian|new_spot,Beacon Hill/Seattle-area restaurant whose Kewpie Burger won Eater Seattle’s 2024 Best Burger.,Useful seed candidate for burgers rankings and local debate.,,,https://www.google.com/maps/search/?api=1&query=Familyfriend+Seattle%2C+WA,eater_awards_2024,https://seattle.eater.com/2024/12/3/24299775/eater-awards-winners-seattle-2024-best-new-restaurant,Curated source or public reference; refresh before production launch.,seed_candidate_verify_with_places_api,yes,"Render as a PlaceCard and detail page seed. Re-resolve address, website, hours, phone, photos, and business_status via Google Places before launch."
seattle-loretta-s-northwesterner,Loretta’s Northwesterner,Seattle,WA,South Park,burgers,burgers|dive_bar,burgers|dive_bar,South Park dive bar famous locally for its tavern burger energy.,Useful seed candidate for burgers rankings and local debate.,,,https://www.google.com/maps/search/?api=1&query=Loretta%E2%80%99s+Northwesterner+Seattle%2C+WA,eater_burgers,https://seattle.eater.com/maps/best-burgers-seattle,Curated source or public reference; refresh before production launch.,seed_candidate_verify_with_places_api,yes,"Render as a PlaceCard and detail page seed. Re-resolve address, website, hours, phone, photos, and business_status via Google Places before launch."
seattle-red-mill-burgers,Red Mill Burgers,Seattle,WA,Phinney / Interbay / Ballard,burgers,burgers|classic,burgers|classic,Longtime Seattle burger chain useful for nostalgic vs modern burger debates.,Useful seed candidate for burgers rankings and local debate.,,https://redmillburgers.com,https://www.google.com/maps/search/?api=1&query=Red+Mill+Burgers+Seattle%2C+WA,eater_burgers,https://seattle.eater.com/maps/best-burgers-seattle,Curated source or public reference; refresh before production launch.,seed_candidate_verify_with_places_api,yes,"Render as a PlaceCard and detail page seed. Re-resolve address, website, hours, phone, photos, and business_status via Google Places before launch."
seattle-local-tide,Local Tide,Seattle,WA,Fremont,seafood,seafood|burgers|brunch,seafood|burgers|brunch,Fremont seafood spot with a crab roll and a sleeper-hit smash burger.,Useful seed candidate for seafood rankings and local debate.,401 N 36th St Ste 103,https://localtide.com,https://www.google.com/maps/search/?api=1&query=Local+Tide+Seattle%2C+WA,eater_brunch,https://seattle.eater.com/maps/best-seattle-brunch-restaurants,Curated source or public reference; refresh before production launch.,seed_candidate_verify_with_places_api,yes,"Render as a PlaceCard and detail page seed. Re-resolve address, website, hours, phone, photos, and business_status via Google Places before launch."
seattle-katsu-burger,Katsu Burger,Seattle,WA,Georgetown / multiple,burgers,burgers|japanese|sandwiches,burgers|japanese|sandwiches,Japanese katsu-style burger chain candidate for fusion burger rankings.,Useful seed candidate for burgers rankings and local debate.,,https://www.katsuburger.com,https://www.google.com/maps/search/?api=1&query=Katsu+Burger+Seattle%2C+WA,eater_guide,https://seattle.eater.com/22568974/seattle-city-guide-where-to-eat-best-restaurants,Curated source or public reference; refresh before production launch.,seed_candidate_verify_with_places_api,yes,"Render as a PlaceCard and detail page seed. Re-resolve address, website, hours, phone, photos, and business_status via Google Places before launch."
seattle-dick-s-drive-in,Dick’s Drive-In,Seattle,WA,Multiple,burgers,burgers|classic|cheap_eats,burgers|classic|cheap_eats,"Iconic Seattle fast burger chain, essential for nostalgia and local debate prompts.",Useful seed candidate for burgers rankings and local debate.,,https://www.ddir.com,https://www.google.com/maps/search/?api=1&query=Dick%E2%80%99s+Drive-In+Seattle%2C+WA,eater_guide,https://seattle.eater.com/22568974/seattle-city-guide-where-to-eat-best-restaurants,Curated source or public reference; refresh before production launch.,seed_candidate_verify_with_places_api,yes,"Render as a PlaceCard and detail page seed. Re-resolve address, website, hours, phone, photos, and business_status via Google Places before launch."
seattle-cardoon,Cardoon,Seattle,WA,Ballard,coffee,coffee|bakery|ballard,coffee|bakery|ballard,Tiny Ballard cafe with German-Chinese influence and distinctive drinks like soy-sauce-caramel coffee.,Useful seed candidate for coffee rankings and local debate.,2423 NW Market St,https://cardoonseattle.com,https://www.google.com/maps/search/?api=1&query=Cardoon+Seattle%2C+WA,eater_coffee,https://seattle.eater.com/maps/seattles-best-coffee-shops,Curated source or public reference; refresh before production launch.,seed_candidate_verify_with_places_api,yes,"Render as a PlaceCard and detail page seed. Re-resolve address, website, hours, phone, photos, and business_status via Google Places before launch."
seattle-lighthouse-roasters,Lighthouse Roasters,Seattle,WA,Fremont,coffee,coffee|classic|fremont,coffee|classic|fremont,Old-school Fremont roaster known for dark-roasted coffee and neighborhood regulars.,Useful seed candidate for coffee rankings and local debate.,400 N 43rd St,https://www.lighthouseroasters.com,https://www.google.com/maps/search/?api=1&query=Lighthouse+Roasters+Seattle%2C+WA,eater_coffee,https://seattle.eater.com/maps/seattles-best-coffee-shops,Curated source or public reference; refresh before production launch.,seed_candidate_verify_with_places_api,yes,"Render as a PlaceCard and detail page seed. Re-resolve address, website, hours, phone, photos, and business_status via Google Places before launch."
seattle-milstead-and-co,Milstead and Co.,Seattle,WA,Fremont,coffee,coffee|fremont|third_wave,coffee|fremont|third_wave,Fremont cafe sourcing from respected roasters and serving strong espresso/pourover options.,Useful seed candidate for coffee rankings and local debate.,754 N 34th St,https://www.milsteadandco.com,https://www.google.com/maps/search/?api=1&query=Milstead+and+Co.+Seattle%2C+WA,eater_coffee,https://seattle.eater.com/maps/seattles-best-coffee-shops,Curated source or public reference; refresh before production launch.,seed_candidate_verify_with_places_api,yes,"Render as a PlaceCard and detail page seed. Re-resolve address, website, hours, phone, photos, and business_status via Google Places before launch."
seattle-espresso-vivace,Espresso Vivace,Seattle,WA,Capitol Hill,coffee,coffee|classic|espresso,coffee|classic|espresso,Seattle espresso institution tied to latte art and espresso technique history.,Useful seed candidate for coffee rankings and local debate.,532 Broadway E,https://espressovivace.com,https://www.google.com/maps/search/?api=1&query=Espresso+Vivace+Seattle%2C+WA,eater_coffee,https://seattle.eater.com/maps/seattles-best-coffee-shops,Curated source or public reference; refresh before production launch.,seed_candidate_verify_with_places_api,yes,"Render as a PlaceCard and detail page seed. Re-resolve address, website, hours, phone, photos, and business_status via Google Places before launch."
seattle-caffe-vita-at-kexp,Caffe Vita at KEXP,Seattle,WA,Seattle Center,coffee,coffee|music|seattle_center,coffee|music|seattle_center,Caffe Vita outpost inside KEXP with a highly Seattle atmosphere and reliable coffee.,Useful seed candidate for coffee rankings and local debate.,472 1st Ave N,https://www.caffevita.com,https://www.google.com/maps/search/?api=1&query=Caffe+Vita+at+KEXP+Seattle%2C+WA,eater_coffee,https://seattle.eater.com/maps/seattles-best-coffee-shops,Curated source or public reference; refresh before production launch.,seed_candidate_verify_with_places_api,yes,"Render as a PlaceCard and detail page seed. Re-resolve address, website, hours, phone, photos, and business_status via Google Places before launch."
seattle-bonhomie-coffee-bar,Bonhomie Coffee Bar,Seattle,WA,Belltown,coffee,coffee|plant_based|belltown,coffee|plant_based|belltown,Haitian-inspired coffee bar with plant-based drinks and house syrups.,Useful seed candidate for coffee rankings and local debate.,2800 1st Ave,https://www.bonhomiecoffee.co,https://www.google.com/maps/search/?api=1&query=Bonhomie+Coffee+Bar+Seattle%2C+WA,eater_coffee,https://seattle.eater.com/maps/seattles-best-coffee-shops,Curated source or public reference; refresh before production launch.,seed_candidate_verify_with_places_api,yes,"Render as a PlaceCard and detail page seed. Re-resolve address, website, hours, phone, photos, and business_status via Google Places before launch."
seattle-ghost-note-coffee,Ghost Note Coffee,Seattle,WA,Capitol Hill,coffee,coffee|signature_drinks|capitol_hill,coffee|signature_drinks|capitol_hill,Capitol Hill cafe known for highly composed flavored espresso drinks.,Useful seed candidate for coffee rankings and local debate.,1623 Bellevue Ave,https://www.ghostnotecoffee.com,https://www.google.com/maps/search/?api=1&query=Ghost+Note+Coffee+Seattle%2C+WA,eater_coffee,https://seattle.eater.com/maps/seattles-best-coffee-shops,Curated source or public reference; refresh before production launch.,seed_candidate_verify_with_places_api,yes,"Render as a PlaceCard and detail page seed. Re-resolve address, website, hours, phone, photos, and business_status via Google Places before launch."
seattle-monorail-espresso,Monorail Espresso,Seattle,WA,Downtown,coffee,coffee|classic|downtown,coffee|classic|downtown,Historic walk-up espresso window and Seattle coffee institution.,Useful seed candidate for coffee rankings and local debate.,510 Pike St,https://www.monorailespresso.com,https://www.google.com/maps/search/?api=1&query=Monorail+Espresso+Seattle%2C+WA,eater_coffee,https://seattle.eater.com/maps/seattles-best-coffee-shops,Curated source or public reference; refresh before production launch.,seed_candidate_verify_with_places_api,yes,"Render as a PlaceCard and detail page seed. Re-resolve address, website, hours, phone, photos, and business_status via Google Places before launch."
bellevue-third-culture-coffee,Third Culture Coffee,Bellevue,WA,Bellevue,coffee,coffee|bellevue|global_drinks,coffee|bellevue|global_drinks,Bellevue cafe with Indian filter coffee and other global coffee drinks.,Useful seed candidate for coffee rankings and local debate.,80 102nd Ave NE,https://thirdculturecoffee.com,https://www.google.com/maps/search/?api=1&query=Third+Culture+Coffee+Bellevue%2C+WA,eater_coffee,https://seattle.eater.com/maps/seattles-best-coffee-shops,Curated source or public reference; refresh before production launch.,seed_candidate_verify_with_places_api,yes,"Render as a PlaceCard and detail page seed. Re-resolve address, website, hours, phone, photos, and business_status via Google Places before launch."
seattle-url-coffee,URL Coffee,Seattle,WA,First Hill,coffee,coffee|first_hill|design,coffee|first_hill|design,First Hill cafe known for sleek design and sweet cream coffee drinks.,Useful seed candidate for coffee rankings and local debate.,524 Broadway,https://www.the-u-r-l.com,https://www.google.com/maps/search/?api=1&query=URL+Coffee+Seattle%2C+WA,eater_coffee,https://seattle.eater.com/maps/seattles-best-coffee-shops,Curated source or public reference; refresh before production launch.,seed_candidate_verify_with_places_api,yes,"Render as a PlaceCard and detail page seed. Re-resolve address, website, hours, phone, photos, and business_status via Google Places before launch."
seattle-day-made-kaffe-bar,Day Made Kaffe Bar,Seattle,WA,Pioneer Square,coffee,coffee|pioneer_square|scandinavian,coffee|pioneer_square|scandinavian,Pioneer Square cafe influenced by Copenhagen coffee culture.,Useful seed candidate for coffee rankings and local debate.,524 1st Ave S,https://daymadeseattle.com,https://www.google.com/maps/search/?api=1&query=Day+Made+Kaffe+Bar+Seattle%2C+WA,eater_coffee,https://seattle.eater.com/maps/seattles-best-coffee-shops,Curated source or public reference; refresh before production launch.,seed_candidate_verify_with_places_api,yes,"Render as a PlaceCard and detail page seed. Re-resolve address, website, hours, phone, photos, and business_status via Google Places before launch."
seattle-cafe-avole,Cafe Avole,Seattle,WA,Rainier Valley,coffee,coffee|ethiopian|rainier_valley,coffee|ethiopian|rainier_valley,Ethiopian coffee cafe with Rainier Valley roots and a polished flagship.,Useful seed candidate for coffee rankings and local debate.,8323 Rainier Ave S,https://www.avolecoffee.com,https://www.google.com/maps/search/?api=1&query=Cafe+Avole+Seattle%2C+WA,eater_coffee,https://seattle.eater.com/maps/seattles-best-coffee-shops,Curated source or public reference; refresh before production launch.,seed_candidate_verify_with_places_api,yes,"Render as a PlaceCard and detail page seed. Re-resolve address, website, hours, phone, photos, and business_status via Google Places before launch."
seattle-good-voyage,Good Voyage,Seattle,WA,South Park,coffee,coffee|south_park|bakery,coffee|south_park|bakery,"South Park cafe rebuilt after a fire, with light fruit-forward coffee and pastries.",Useful seed candidate for coffee rankings and local debate.,8520 14th Ave S,https://www.goodvoyageseattle.com,https://www.google.com/maps/search/?api=1&query=Good+Voyage+Seattle%2C+WA,eater_coffee,https://seattle.eater.com/maps/seattles-best-coffee-shops,Curated source or public reference; refresh before production launch.,seed_candidate_verify_with_places_api,yes,"Render as a PlaceCard and detail page seed. Re-resolve address, website, hours, phone, photos, and business_status via Google Places before launch."
burien-burien-press,Burien Press,Burien,WA,Burien,coffee,coffee|burien|beer_wine,coffee|burien|beer_wine,"Burien cafe known for coffee, pastries, beer/wine, and neighborhood hangout energy.",Useful seed candidate for coffee rankings and local debate.,423 SW 152nd St,https://www.burienpress.com,https://www.google.com/maps/search/?api=1&query=Burien+Press+Burien%2C+WA,eater_coffee,https://seattle.eater.com/maps/seattles-best-coffee-shops,Curated source or public reference; refresh before production launch.,seed_candidate_verify_with_places_api,yes,"Render as a PlaceCard and detail page seed. Re-resolve address, website, hours, phone, photos, and business_status via Google Places before launch."
seattle-moonshot-coffee,Moonshot Coffee,Seattle,WA,Seattle,coffee,coffee|capitol_hill,coffee|capitol_hill,Seattle cafe from the Burien Press family; good for creator/local coffee rankings.,Useful seed candidate for coffee rankings and local debate.,,,https://www.google.com/maps/search/?api=1&query=Moonshot+Coffee+Seattle%2C+WA,eater_coffee,https://seattle.eater.com/maps/seattles-best-coffee-shops,Curated source or public reference; refresh before production launch.,seed_candidate_verify_with_places_api,yes,"Render as a PlaceCard and detail page seed. Re-resolve address, website, hours, phone, photos, and business_status via Google Places before launch."
seattle-coyle-s-bakeshop,Coyle’s Bakeshop,Seattle,WA,Greenwood,bakery,bakery|pastry|greenwood,bakery|pastry|greenwood,"Greenwood bakery known for French technique, seasonal pastries, croissants, and scones.",Useful seed candidate for bakery rankings and local debate.,8300 Greenwood Ave N,https://coylesbakeshop.com,https://www.google.com/maps/search/?api=1&query=Coyle%E2%80%99s+Bakeshop+Seattle%2C+WA,eater_bakeries,https://seattle.eater.com/maps/best-bakeries-seattle,Curated source or public reference; refresh before production launch.,seed_candidate_verify_with_places_api,yes,"Render as a PlaceCard and detail page seed. Re-resolve address, website, hours, phone, photos, and business_status via Google Places before launch."
seattle-ben-s-bread-co,Ben’s Bread Co.,Seattle,WA,Phinney / Greenwood,bakery,bakery|bread|phinney,bakery|bread|phinney,"Bakery known for standout sourdough, seasonal doughnuts, and savory laminated snacks.",Useful seed candidate for bakery rankings and local debate.,216 N 70th St,https://www.bensbread.com,https://www.google.com/maps/search/?api=1&query=Ben%E2%80%99s+Bread+Co.+Seattle%2C+WA,eater_bakeries,https://seattle.eater.com/maps/best-bakeries-seattle,Curated source or public reference; refresh before production launch.,seed_candidate_verify_with_places_api,yes,"Render as a PlaceCard and detail page seed. Re-resolve address, website, hours, phone, photos, and business_status via Google Places before launch."
seattle-nielsen-s-pastries,Nielsen’s Pastries,Seattle,WA,Queen Anne,bakery,bakery|danish|queen_anne,bakery|danish|queen_anne,Longtime Queen Anne bakery known for Danish pastries.,Useful seed candidate for bakery rankings and local debate.,,https://www.nielsenspastries.com,https://www.google.com/maps/search/?api=1&query=Nielsen%E2%80%99s+Pastries+Seattle%2C+WA,eater_bakeries,https://seattle.eater.com/maps/best-bakeries-seattle,Curated source or public reference; refresh before production launch.,seed_candidate_verify_with_places_api,yes,"Render as a PlaceCard and detail page seed. Re-resolve address, website, hours, phone, photos, and business_status via Google Places before launch."
seattle-fuji-bakery,Fuji Bakery,Seattle,WA,CID / Interbay,bakery,bakery|japanese|cid,bakery|japanese|cid,Japanese-French bakery with sweet and savory pastries including curry buns and cream doughnuts.,Useful seed candidate for bakery rankings and local debate.,,https://www.fujibakeryinc.com,https://www.google.com/maps/search/?api=1&query=Fuji+Bakery+Seattle%2C+WA,eater_bakeries,https://seattle.eater.com/maps/best-bakeries-seattle,Curated source or public reference; refresh before production launch.,seed_candidate_verify_with_places_api,yes,"Render as a PlaceCard and detail page seed. Re-resolve address, website, hours, phone, photos, and business_status via Google Places before launch."
seattle-despi-delite-bakery,Despi Delite Bakery,Seattle,WA,Beacon Hill,bakery,bakery|filipino|beacon_hill,bakery|filipino|beacon_hill,"Beacon Hill Filipino bakery with ube breads, cakes, hopia, and classic pastries.",Useful seed candidate for bakery rankings and local debate.,,,https://www.google.com/maps/search/?api=1&query=Despi+Delite+Bakery+Seattle%2C+WA,eater_bakeries,https://seattle.eater.com/maps/best-bakeries-seattle,Curated source or public reference; refresh before production launch.,seed_candidate_verify_with_places_api,yes,"Render as a PlaceCard and detail page seed. Re-resolve address, website, hours, phone, photos, and business_status via Google Places before launch."
seattle-bakery-nouveau,Bakery Nouveau,Seattle,WA,West Seattle / multiple,bakery,bakery|pastry|west_seattle,bakery|pastry|west_seattle,"Classic Seattle bakery known for cakes, pastries, and twice-baked croissants.",Useful seed candidate for bakery rankings and local debate.,,https://bakerynouveau.com,https://www.google.com/maps/search/?api=1&query=Bakery+Nouveau+Seattle%2C+WA,eater_bakeries,https://seattle.eater.com/maps/best-bakeries-seattle,Curated source or public reference; refresh before production launch.,seed_candidate_verify_with_places_api,yes,"Render as a PlaceCard and detail page seed. Re-resolve address, website, hours, phone, photos, and business_status via Google Places before launch."
seattle-temple-pastries,Temple Pastries,Seattle,WA,Central District,bakery,bakery|pastry|central_district,bakery|pastry|central_district,Pastry shop and wholesale favorite often seen in high-end coffee shops.,Useful seed candidate for bakery rankings and local debate.,,https://templepastries.com,https://www.google.com/maps/search/?api=1&query=Temple+Pastries+Seattle%2C+WA,eater_bakeries,https://seattle.eater.com/maps/best-bakeries-seattle,Curated source or public reference; refresh before production launch.,seed_candidate_verify_with_places_api,yes,"Render as a PlaceCard and detail page seed. Re-resolve address, website, hours, phone, photos, and business_status via Google Places before launch."
seattle-deep-sea-sugar-and-salt,Deep Sea Sugar and Salt,Seattle,WA,Georgetown,bakery,bakery|cake|georgetown,bakery|cake|georgetown,Georgetown cake shop candidate for best cakes and birthday/dessert prompts.,Useful seed candidate for bakery rankings and local debate.,,https://www.deepseasugarandsalt.com,https://www.google.com/maps/search/?api=1&query=Deep+Sea+Sugar+and+Salt+Seattle%2C+WA,eater_bakeries,https://seattle.eater.com/maps/best-bakeries-seattle,Curated source or public reference; refresh before production launch.,seed_candidate_verify_with_places_api,yes,"Render as a PlaceCard and detail page seed. Re-resolve address, website, hours, phone, photos, and business_status via Google Places before launch."
seattle-saint-bread,Saint Bread,Seattle,WA,University District / Portage Bay,bakery,bakery|breakfast|uw,bakery|breakfast|uw,Bakery/cafe near the water with Japanese-Scandinavian influence and strong breakfast appeal.,Useful seed candidate for bakery rankings and local debate.,,https://www.saintbread.com,https://www.google.com/maps/search/?api=1&query=Saint+Bread+Seattle%2C+WA,eater_38,https://seattle.eater.com/maps/best-restaurants-seattle-38,Curated source or public reference; refresh before production launch.,seed_candidate_verify_with_places_api,yes,"Render as a PlaceCard and detail page seed. Re-resolve address, website, hours, phone, photos, and business_status via Google Places before launch."
seattle-king-donuts,King Donuts,Seattle,WA,Rainier Valley,bakery,doughnuts|bakery|rainier_valley,doughnuts|bakery|rainier_valley,Rainier Valley doughnut institution known for old-school doughnuts and weekend specials.,Useful seed candidate for bakery rankings and local debate.,,,https://www.google.com/maps/search/?api=1&query=King+Donuts+Seattle%2C+WA,eater_guide,https://seattle.eater.com/22568974/seattle-city-guide-where-to-eat-best-restaurants,Curated source or public reference; refresh before production launch.,seed_candidate_verify_with_places_api,yes,"Render as a PlaceCard and detail page seed. Re-resolve address, website, hours, phone, photos, and business_status via Google Places before launch."
seattle-hangar-cafe,Hangar Cafe,Seattle,WA,Georgetown,brunch,brunch|crepes|georgetown,brunch|crepes|georgetown,"Compact Georgetown brunch spot known for crepes, patio energy, and long waits.",Useful seed candidate for brunch rankings and local debate.,6261 13th Ave S,https://thehangarcafe.com,https://www.google.com/maps/search/?api=1&query=Hangar+Cafe+Seattle%2C+WA,eater_brunch,https://seattle.eater.com/maps/best-seattle-brunch-restaurants,Curated source or public reference; refresh before production launch.,seed_candidate_verify_with_places_api,yes,"Render as a PlaceCard and detail page seed. Re-resolve address, website, hours, phone, photos, and business_status via Google Places before launch."
seattle-geraldine-s-counter-restaurant,Geraldine’s Counter Restaurant,Seattle,WA,Columbia City,brunch,brunch|breakfast|columbia_city,brunch|breakfast|columbia_city,Columbia City diner famous for French toast and classic brunch comfort.,Useful seed candidate for brunch rankings and local debate.,4872 Rainier Ave S,https://www.geraldinescounter.com,https://www.google.com/maps/search/?api=1&query=Geraldine%E2%80%99s+Counter+Restaurant+Seattle%2C+WA,eater_brunch,https://seattle.eater.com/maps/best-seattle-brunch-restaurants,Curated source or public reference; refresh before production launch.,seed_candidate_verify_with_places_api,yes,"Render as a PlaceCard and detail page seed. Re-resolve address, website, hours, phone, photos, and business_status via Google Places before launch."
seattle-the-coupe-and-flute,The Coupe & Flute,Seattle,WA,Beacon Hill,brunch,brunch|champagne|beacon_hill,brunch|champagne|beacon_hill,Beacon Hill Champagne tavern with decadent brunch dishes and playful twists.,Useful seed candidate for brunch rankings and local debate.,3015 Beacon Ave S,https://www.thecoupeandflute.com,https://www.google.com/maps/search/?api=1&query=The+Coupe+%26+Flute+Seattle%2C+WA,eater_brunch,https://seattle.eater.com/maps/best-seattle-brunch-restaurants,Curated source or public reference; refresh before production launch.,seed_candidate_verify_with_places_api,yes,"Render as a PlaceCard and detail page seed. Re-resolve address, website, hours, phone, photos, and business_status via Google Places before launch."
seattle-diamond-bay-seattle,Diamond Bay Seattle,Seattle,WA,CID,brunch,brunch|dim_sum|cid,brunch|dim_sum|cid,CID dim sum banquet hall candidate for group brunch and dumpling prompts.,Useful seed candidate for brunch rankings and local debate.,409 8th Ave S,,https://www.google.com/maps/search/?api=1&query=Diamond+Bay+Seattle+Seattle%2C+WA,eater_brunch,https://seattle.eater.com/maps/best-seattle-brunch-restaurants,Curated source or public reference; refresh before production launch.,seed_candidate_verify_with_places_api,yes,"Render as a PlaceCard and detail page seed. Re-resolve address, website, hours, phone, photos, and business_status via Google Places before launch."
seattle-fat-s-chicken-and-waffles,Fat’s Chicken and Waffles,Seattle,WA,Central District,brunch,brunch|fried_chicken|central_district,brunch|fried_chicken|central_district,"Central District brunch favorite known for chicken and waffles, biscuits, and Southern-style comfort food.",Useful seed candidate for brunch rankings and local debate.,2726 E Cherry St,https://fatschickenandwaffles.com,https://www.google.com/maps/search/?api=1&query=Fat%E2%80%99s+Chicken+and+Waffles+Seattle%2C+WA,eater_brunch,https://seattle.eater.com/maps/best-seattle-brunch-restaurants,Curated source or public reference; refresh before production launch.,seed_candidate_verify_with_places_api,yes,"Render as a PlaceCard and detail page seed. Re-resolve address, website, hours, phone, photos, and business_status via Google Places before launch."
seattle-tilikum-place-cafe,Tilikum Place Cafe,Seattle,WA,Belltown,brunch,brunch|dutch_baby|belltown,brunch|dutch_baby|belltown,Belltown brunch classic strongly associated with Dutch babies.,Useful seed candidate for brunch rankings and local debate.,407 Cedar St,https://www.tilikumplacecafe.com,https://www.google.com/maps/search/?api=1&query=Tilikum+Place+Cafe+Seattle%2C+WA,eater_brunch,https://seattle.eater.com/maps/best-seattle-brunch-restaurants,Curated source or public reference; refresh before production launch.,seed_candidate_verify_with_places_api,yes,"Render as a PlaceCard and detail page seed. Re-resolve address, website, hours, phone, photos, and business_status via Google Places before launch."
seattle-dreamland-bar-and-diner,Dreamland Bar & Diner,Seattle,WA,Fremont,brunch,brunch|drag_brunch|fremont,brunch|drag_brunch|fremont,Fremont diner/bar known for theatrical decor and popular drag brunch.,Useful seed candidate for brunch rankings and local debate.,3401 Evanston Ave N,https://www.dreamlandfremont.com,https://www.google.com/maps/search/?api=1&query=Dreamland+Bar+%26+Diner+Seattle%2C+WA,eater_brunch,https://seattle.eater.com/maps/best-seattle-brunch-restaurants,Curated source or public reference; refresh before production launch.,seed_candidate_verify_with_places_api,yes,"Render as a PlaceCard and detail page seed. Re-resolve address, website, hours, phone, photos, and business_status via Google Places before launch."
seattle-union-saloon,Union Saloon,Seattle,WA,Wallingford,brunch,brunch|wallingford|patio,brunch|wallingford|patio,"Wallingford restaurant known for weekend biscuits, fried chicken, and a neighborhood brunch feel.",Useful seed candidate for brunch rankings and local debate.,3645 Wallingford Ave N,https://www.unionsaloonseattle.com,https://www.google.com/maps/search/?api=1&query=Union+Saloon+Seattle%2C+WA,eater_brunch,https://seattle.eater.com/maps/best-seattle-brunch-restaurants,Curated source or public reference; refresh before production launch.,seed_candidate_verify_with_places_api,yes,"Render as a PlaceCard and detail page seed. Re-resolve address, website, hours, phone, photos, and business_status via Google Places before launch."
seattle-the-wayland-mill,The Wayland Mill,Seattle,WA,Northlake,brunch,brunch|all_day_cafe|northlake,brunch|all_day_cafe|northlake,Northlake all-day cafe with playful yoshoku/Midwestern breakfast ideas and pastries.,Useful seed candidate for brunch rankings and local debate.,3800 Latona Ave NE,https://www.thewaylandmill.com,https://www.google.com/maps/search/?api=1&query=The+Wayland+Mill+Seattle%2C+WA,eater_brunch,https://seattle.eater.com/maps/best-seattle-brunch-restaurants,Curated source or public reference; refresh before production launch.,seed_candidate_verify_with_places_api,yes,"Render as a PlaceCard and detail page seed. Re-resolve address, website, hours, phone, photos, and business_status via Google Places before launch."
seattle-musang,Musang,Seattle,WA,Beacon Hill,brunch,brunch|filipino|beacon_hill,brunch|filipino|beacon_hill,Beacon Hill Filipino restaurant that relaunched brunch and works for creator comparison lists.,Useful seed candidate for brunch rankings and local debate.,,https://www.musangseattle.com,https://www.google.com/maps/search/?api=1&query=Musang+Seattle%2C+WA,eater_brunch,https://seattle.eater.com/maps/best-seattle-brunch-restaurants,Curated source or public reference; refresh before production launch.,seed_candidate_verify_with_places_api,yes,"Render as a PlaceCard and detail page seed. Re-resolve address, website, hours, phone, photos, and business_status via Google Places before launch."
seattle-ooink,Ooink,Seattle,WA,Capitol Hill / Fremont,ramen,ramen|capitol_hill|fremont,ramen|capitol_hill|fremont,"Ramen shop with Capitol Hill and Fremont locations, known for rich bowls and tender pork.",Useful seed candidate for ramen rankings and local debate.,,https://ooinkramen.com,https://www.google.com/maps/search/?api=1&query=Ooink+Seattle%2C+WA,wiki_ooink,https://en.wikipedia.org/wiki/Ooink,Curated source or public reference; refresh before production launch.,seed_candidate_verify_with_places_api,yes,"Render as a PlaceCard and detail page seed. Re-resolve address, website, hours, phone, photos, and business_status via Google Places before launch."
seattle-kamonegi,Kamonegi,Seattle,WA,Fremont,japanese,soba|japanese|date_night,soba|japanese|date_night,Fremont soba and tempura restaurant from chef Mutsuko Soma; useful for noodle/date-night lists.,Useful seed candidate for japanese rankings and local debate.,1054 N 39th St,https://kamonegiseattle.com,https://www.google.com/maps/search/?api=1&query=Kamonegi+Seattle%2C+WA,wiki_kamonegi,https://en.wikipedia.org/wiki/Kamonegi_(restaurant),Curated source or public reference; refresh before production launch.,seed_candidate_verify_with_places_api,yes,"Render as a PlaceCard and detail page seed. Re-resolve address, website, hours, phone, photos, and business_status via Google Places before launch."
seattle-rondo,Rondo,Seattle,WA,Capitol Hill / CID,japanese,japanese|ramen|cid,japanese|ramen|cid,Japanese restaurant/cafe candidate tied to modern Seattle Japanese dining.,Useful seed candidate for japanese rankings and local debate.,,https://www.rondoseattle.com,https://www.google.com/maps/search/?api=1&query=Rondo+Seattle%2C+WA,eater_guide,https://seattle.eater.com/22568974/seattle-city-guide-where-to-eat-best-restaurants,Curated source or public reference; refresh before production launch.,seed_candidate_verify_with_places_api,yes,"Render as a PlaceCard and detail page seed. Re-resolve address, website, hours, phone, photos, and business_status via Google Places before launch."
seattle-kizuki-ramen-and-izakaya,Kizuki Ramen & Izakaya,Seattle,WA,Multiple,ramen,ramen|izakaya|chain,ramen|izakaya|chain,"Seattle-area ramen chain candidate that many locals know, useful for broad crowd voting.",Useful seed candidate for ramen rankings and local debate.,,https://www.kizuki.com,https://www.google.com/maps/search/?api=1&query=Kizuki+Ramen+%26+Izakaya+Seattle%2C+WA,eater_guide,https://seattle.eater.com/22568974/seattle-city-guide-where-to-eat-best-restaurants,Curated source or public reference; refresh before production launch.,seed_candidate_verify_with_places_api,yes,"Render as a PlaceCard and detail page seed. Re-resolve address, website, hours, phone, photos, and business_status via Google Places before launch."
seattle-betsutenjin-ramen,Betsutenjin Ramen,Seattle,WA,Capitol Hill,ramen,ramen|capitol_hill,ramen|capitol_hill,Capitol Hill ramen candidate; verify hours and current status.,Useful seed candidate for ramen rankings and local debate.,,,https://www.google.com/maps/search/?api=1&query=Betsutenjin+Ramen+Seattle%2C+WA,eater_guide,https://seattle.eater.com/22568974/seattle-city-guide-where-to-eat-best-restaurants,Curated source or public reference; refresh before production launch.,needs_places_api_verification,yes,"Render as a PlaceCard and detail page seed. Re-resolve address, website, hours, phone, photos, and business_status via Google Places before launch."
seattle-arashi-ramen,Arashi Ramen,Seattle,WA,Ballard,ramen,ramen|ballard,ramen|ballard,Ballard ramen candidate for neighborhood ramen lists.,Useful seed candidate for ramen rankings and local debate.,,https://www.arashiramen.com,https://www.google.com/maps/search/?api=1&query=Arashi+Ramen+Seattle%2C+WA,eater_guide,https://seattle.eater.com/22568974/seattle-city-guide-where-to-eat-best-restaurants,Curated source or public reference; refresh before production launch.,seed_candidate_verify_with_places_api,yes,"Render as a PlaceCard and detail page seed. Re-resolve address, website, hours, phone, photos, and business_status via Google Places before launch."
seattle-menya-musashi,Menya Musashi,Seattle,WA,Capitol Hill / Seattle,ramen,ramen|tsukemen|capitol_hill,ramen|tsukemen|capitol_hill,Japanese noodle shop candidate known for ramen/tsukemen-style bowls.,Useful seed candidate for ramen rankings and local debate.,,https://www.menyamusashiusa.com,https://www.google.com/maps/search/?api=1&query=Menya+Musashi+Seattle%2C+WA,eater_guide,https://seattle.eater.com/22568974/seattle-city-guide-where-to-eat-best-restaurants,Curated source or public reference; refresh before production launch.,seed_candidate_verify_with_places_api,yes,"Render as a PlaceCard and detail page seed. Re-resolve address, website, hours, phone, photos, and business_status via Google Places before launch."
seattle-tamari-bar,Tamari Bar,Seattle,WA,Capitol Hill,japanese,japanese|ramen|date_night,japanese|ramen|date_night,"Capitol Hill izakaya with Japanese-influenced dishes, drinks, and dessert appeal.",Useful seed candidate for japanese rankings and local debate.,500 E Pine St,https://tamaribarseattle.com,https://www.google.com/maps/search/?api=1&query=Tamari+Bar+Seattle%2C+WA,eater_guide,https://seattle.eater.com/22568974/seattle-city-guide-where-to-eat-best-restaurants,Curated source or public reference; refresh before production launch.,seed_candidate_verify_with_places_api,yes,"Render as a PlaceCard and detail page seed. Re-resolve address, website, hours, phone, photos, and business_status via Google Places before launch."
seattle-itsumono,Itsumono,Seattle,WA,Japantown / CID,japanese,japanese|cid|date_night,japanese|cid|date_night,Japantown gastropub known for creative Japanese comfort dishes and cocktails.,Useful seed candidate for japanese rankings and local debate.,610 S Jackson St,,https://www.google.com/maps/search/?api=1&query=Itsumono+Seattle%2C+WA,eater_38,https://seattle.eater.com/maps/best-restaurants-seattle-38,Curated source or public reference; refresh before production launch.,seed_candidate_verify_with_places_api,yes,"Render as a PlaceCard and detail page seed. Re-resolve address, website, hours, phone, photos, and business_status via Google Places before launch."
seattle-ringo-curry,Ringo Curry,Seattle,WA,CID,japanese,japanese|curry|cid,japanese|curry|cid,CID curry newcomer added to Eater’s neighborhood guide.,Useful seed candidate for japanese rankings and local debate.,,,https://www.google.com/maps/search/?api=1&query=Ringo+Curry+Seattle%2C+WA,eater_cid,https://seattle.eater.com/maps/best-restaurants-chinatown-international-district-seattle,Curated source or public reference; refresh before production launch.,seed_candidate_verify_with_places_api,yes,"Render as a PlaceCard and detail page seed. Re-resolve address, website, hours, phone, photos, and business_status via Google Places before launch."
seattle-canlis,Canlis,Seattle,WA,Queen Anne,fine_dining,date_night|fine_dining|special_occasion,date_night|fine_dining|special_occasion,Seattle fine-dining icon useful for splurge/date-night ranking prompts.,Useful seed candidate for fine_dining rankings and local debate.,,https://canlis.com,https://www.google.com/maps/search/?api=1&query=Canlis+Seattle%2C+WA,eater_guide,https://seattle.eater.com/22568974/seattle-city-guide-where-to-eat-best-restaurants,Curated source or public reference; refresh before production launch.,seed_candidate_verify_with_places_api,yes,"Render as a PlaceCard and detail page seed. Re-resolve address, website, hours, phone, photos, and business_status via Google Places before launch."
seattle-the-pink-door,The Pink Door,Seattle,WA,Pike Place Market,italian,date_night|pike_place|italian,date_night|pike_place|italian,Pike Place Market-adjacent Italian restaurant with strong date-night reputation.,Useful seed candidate for italian rankings and local debate.,,https://www.thepinkdoor.net,https://www.google.com/maps/search/?api=1&query=The+Pink+Door+Seattle%2C+WA,eater_guide,https://seattle.eater.com/22568974/seattle-city-guide-where-to-eat-best-restaurants,Curated source or public reference; refresh before production launch.,seed_candidate_verify_with_places_api,yes,"Render as a PlaceCard and detail page seed. Re-resolve address, website, hours, phone, photos, and business_status via Google Places before launch."
seattle-the-walrus-and-the-carpenter,The Walrus and the Carpenter,Seattle,WA,Ballard,seafood,date_night|seafood|oysters,date_night|seafood|oysters,Ballard oyster bar and seafood staple for date-night and seafood lists.,Useful seed candidate for seafood rankings and local debate.,,https://www.thewalrusbar.com,https://www.google.com/maps/search/?api=1&query=The+Walrus+and+the+Carpenter+Seattle%2C+WA,eater_guide,https://seattle.eater.com/22568974/seattle-city-guide-where-to-eat-best-restaurants,Curated source or public reference; refresh before production launch.,seed_candidate_verify_with_places_api,yes,"Render as a PlaceCard and detail page seed. Re-resolve address, website, hours, phone, photos, and business_status via Google Places before launch."
seattle-atoma,Atoma,Seattle,WA,Wallingford,date_night,date_night|new_american|wallingford,date_night|new_american|wallingford,Wallingford restaurant and Eater 2024 Best New Restaurant winner.,Useful seed candidate for date_night rankings and local debate.,,https://atomaseattle.com,https://www.google.com/maps/search/?api=1&query=Atoma+Seattle%2C+WA,eater_awards_2024,https://seattle.eater.com/2024/12/3/24299775/eater-awards-winners-seattle-2024-best-new-restaurant,Curated source or public reference; refresh before production launch.,seed_candidate_verify_with_places_api,yes,"Render as a PlaceCard and detail page seed. Re-resolve address, website, hours, phone, photos, and business_status via Google Places before launch."
seattle-little-beast,Little Beast,Seattle,WA,Ballard,date_night,date_night|pub|ballard,date_night|pub|ballard,"Ballard English pub extension of Beast and Cleaver, named Eater’s 2025 Best New Restaurant.",Useful seed candidate for date_night rankings and local debate.,5107 Ballard Ave,,https://www.google.com/maps/search/?api=1&query=Little+Beast+Seattle%2C+WA,eater_awards_2025,https://seattle.eater.com/restaurant-news/89523/eater-awards-winners-seattle-2025,Curated source or public reference; refresh before production launch.,seed_candidate_verify_with_places_api,yes,"Render as a PlaceCard and detail page seed. Re-resolve address, website, hours, phone, photos, and business_status via Google Places before launch."
seattle-communion,Communion,Seattle,WA,Central District,soul_food,date_night|soul_food|central_district,date_night|soul_food|central_district,"Central District restaurant useful for best overall, date-night, and soul food prompts.",Useful seed candidate for soul_food rankings and local debate.,,https://www.communionseattle.com,https://www.google.com/maps/search/?api=1&query=Communion+Seattle%2C+WA,eater_guide,https://seattle.eater.com/22568974/seattle-city-guide-where-to-eat-best-restaurants,Curated source or public reference; refresh before production launch.,seed_candidate_verify_with_places_api,yes,"Render as a PlaceCard and detail page seed. Re-resolve address, website, hours, phone, photos, and business_status via Google Places before launch."
seattle-archipelago,Archipelago,Seattle,WA,Hillman City,fine_dining,date_night|filipino|tasting_menu,date_night|filipino|tasting_menu,Intimate Filipino-American tasting-menu restaurant in Hillman City.,Useful seed candidate for fine_dining rankings and local debate.,5607 Rainier Ave S,https://archipelagoseattle.com,https://www.google.com/maps/search/?api=1&query=Archipelago+Seattle%2C+WA,eater_38,https://seattle.eater.com/maps/best-restaurants-seattle-38,Curated source or public reference; refresh before production launch.,seed_candidate_verify_with_places_api,yes,"Render as a PlaceCard and detail page seed. Re-resolve address, website, hours, phone, photos, and business_status via Google Places before launch."
white-center-tomo,Tomo,White Center,WA,White Center,date_night,date_night|white_center|new_american,date_night|white_center|new_american,White Center restaurant from chef Brady Williams; strong fit for special-occasion lists.,Useful seed candidate for date_night rankings and local debate.,9811 16th Ave SW,https://tomoseattle.com,https://www.google.com/maps/search/?api=1&query=Tomo+White+Center%2C+WA,eater_38,https://seattle.eater.com/maps/best-restaurants-seattle-38,Curated source or public reference; refresh before production launch.,seed_candidate_verify_with_places_api,yes,"Render as a PlaceCard and detail page seed. Re-resolve address, website, hours, phone, photos, and business_status via Google Places before launch."
seattle-lark,Lark,Seattle,WA,First Hill,date_night,date_night|new_american|capitol_hill,date_night|new_american|capitol_hill,First Hill/Capitol Hill restaurant for polished New American date-night prompts.,Useful seed candidate for date_night rankings and local debate.,952 E Seneca St,https://larkseattle.com,https://www.google.com/maps/search/?api=1&query=Lark+Seattle%2C+WA,eater_guide,https://seattle.eater.com/22568974/seattle-city-guide-where-to-eat-best-restaurants,Curated source or public reference; refresh before production launch.,seed_candidate_verify_with_places_api,yes,"Render as a PlaceCard and detail page seed. Re-resolve address, website, hours, phone, photos, and business_status via Google Places before launch."
seattle-hushy-s,Hushy’s,Seattle,WA,Fremont / Wallingford,sandwiches,sandwiches|focaccia|fremont,sandwiches|focaccia|fremont,Stone Way focaccia sandwich shop named Eater’s 2025 Best Focaccia Sandwich.,Useful seed candidate for sandwiches rankings and local debate.,3400 Stone Way N,,https://www.google.com/maps/search/?api=1&query=Hushy%E2%80%99s+Seattle%2C+WA,eater_awards_2025,https://seattle.eater.com/restaurant-news/89523/eater-awards-winners-seattle-2025,Curated source or public reference; refresh before production launch.,seed_candidate_verify_with_places_api,yes,"Render as a PlaceCard and detail page seed. Re-resolve address, website, hours, phone, photos, and business_status via Google Places before launch."
seattle-un-bien,Un Bien,Seattle,WA,Ballard,sandwiches,sandwiches|caribbean|ballard,sandwiches|caribbean|ballard,Caribbean sandwich favorite and strong candidate for sandwich rankings.,Useful seed candidate for sandwiches rankings and local debate.,,https://www.unbienseattle.com,https://www.google.com/maps/search/?api=1&query=Un+Bien+Seattle%2C+WA,eater_guide,https://seattle.eater.com/22568974/seattle-city-guide-where-to-eat-best-restaurants,Curated source or public reference; refresh before production launch.,seed_candidate_verify_with_places_api,yes,"Render as a PlaceCard and detail page seed. Re-resolve address, website, hours, phone, photos, and business_status via Google Places before launch."
seattle-salumi,Salumi,Seattle,WA,Pioneer Square,sandwiches,sandwiches|italian|pioneer_square,sandwiches|italian|pioneer_square,Pioneer Square Italian cured meat and sandwich institution.,Useful seed candidate for sandwiches rankings and local debate.,,https://www.salumideli.com,https://www.google.com/maps/search/?api=1&query=Salumi+Seattle%2C+WA,eater_guide,https://seattle.eater.com/22568974/seattle-city-guide-where-to-eat-best-restaurants,Curated source or public reference; refresh before production launch.,seed_candidate_verify_with_places_api,yes,"Render as a PlaceCard and detail page seed. Re-resolve address, website, hours, phone, photos, and business_status via Google Places before launch."
seattle-market-house-meats,Market House Meats,Seattle,WA,South Lake Union,sandwiches,sandwiches|classic|south_lake_union,sandwiches|classic|south_lake_union,"Classic sandwich/meat shop candidate, especially for pastrami/corned-beef lists.",Useful seed candidate for sandwiches rankings and local debate.,,https://markethousemeats.co,https://www.google.com/maps/search/?api=1&query=Market+House+Meats+Seattle%2C+WA,eater_guide,https://seattle.eater.com/22568974/seattle-city-guide-where-to-eat-best-restaurants,Curated source or public reference; refresh before production launch.,seed_candidate_verify_with_places_api,yes,"Render as a PlaceCard and detail page seed. Re-resolve address, website, hours, phone, photos, and business_status via Google Places before launch."
seattle-mean-sandwich,Mean Sandwich,Seattle,WA,Ballard,sandwiches,sandwiches|ballard,sandwiches|ballard,"Ballard sandwich shop known for playful, messy sandwiches.",Useful seed candidate for sandwiches rankings and local debate.,,https://www.meansandwich.com,https://www.google.com/maps/search/?api=1&query=Mean+Sandwich+Seattle%2C+WA,eater_guide,https://seattle.eater.com/22568974/seattle-city-guide-where-to-eat-best-restaurants,Curated source or public reference; refresh before production launch.,seed_candidate_verify_with_places_api,yes,"Render as a PlaceCard and detail page seed. Re-resolve address, website, hours, phone, photos, and business_status via Google Places before launch."
seattle-blotto,Blotto,Seattle,WA,Capitol Hill,pizza,pizza|closed_reference,pizza|closed_reference,"Former acclaimed Capitol Hill pizzeria; include only as a closed-reference example, not an active seed candidate.",Do not show in public rankings unless you add a “closed legends” mode.,1830 12th Ave,,https://www.google.com/maps/search/?api=1&query=Blotto+Seattle%2C+WA,wiki_delancey,https://en.wikipedia.org/wiki/Delancey_(restaurant),Curated source or public reference; refresh before production launch.,exclude_closed,needs_review,"Render as a PlaceCard and detail page seed. Re-resolve address, website, hours, phone, photos, and business_status via Google Places before launch."
seattle-taku,Taku,Seattle,WA,Capitol Hill,japanese,fried_chicken|closed_reference,fried_chicken|closed_reference,Former Capitol Hill karaage restaurant; closed in 2025 according to public references.,Do not show in public rankings unless you add a “closed legends” mode.,706 E Pike St,,https://www.google.com/maps/search/?api=1&query=Taku+Seattle%2C+WA,eater_guide,https://seattle.eater.com/22568974/seattle-city-guide-where-to-eat-best-restaurants,Curated source or public reference; refresh before production launch.,exclude_closed,needs_review,"Render as a PlaceCard and detail page seed. Re-resolve address, website, hours, phone, photos, and business_status via Google Places before launch."
